{
  "openapi": "3.0.1",
  "info": {
    "title": "tdl.ef, Version=1.0.0.0, Culture=neutral, PublicKeyToken=null",
    "version": "1.0"
  },
  "paths": {
    "/task": {
      "get": {
        "tags": [
          "task"
        ],
        "responses": {
          "200": {
            "description": "Success",
            "content": {
              "text/plain": {
                "schema": {
                  "type": "array",
                  "items": {
                    "$ref": "#/components/schemas/task"
                  }
                }
              },
              "application/json": {
                "schema": {
                  "type": "array",
                  "items": {
                    "$ref": "#/components/schemas/task"
                  }
                }
              },
              "text/json": {
                "schema": {
                  "type": "array",
                  "items": {
                    "$ref": "#/components/schemas/task"
                  }
                }
              }
            }
          }
        }
      },
      "post": {
        "tags": [
          "task"
        ],
        "requestBody": {
          "content": {
            "application/json": {
              "schema": {
                "$ref": "#/components/schemas/task"
              }
            },
            "text/json": {
              "schema": {
                "$ref": "#/components/schemas/task"
              }
            },
            "application/*+json": {
              "schema": {
                "$ref": "#/components/schemas/task"
              }
            }
          }
        },
        "responses": {
          "200": {
            "description": "Success"
          }
        }
      }
    },
    "/task/{name}": {
      "get": {
        "tags": [
          "task"
        ],
        "parameters": [
          {
            "name": "name",
            "in": "path",
            "required": true,
            "schema": {
              "type": "string"
            }
          }
        ],
        "responses": {
          "200": {
            "description": "Success",
            "content": {
              "text/plain": {
                "schema": {
                  "$ref": "#/components/schemas/task"
                }
              },
              "application/json": {
                "schema": {
                  "$ref": "#/components/schemas/task"
                }
              },
              "text/json": {
                "schema": {
                  "$ref": "#/components/schemas/task"
                }
              }
            }
          }
        }
      }
    },
    "/task/{id}": {
      "get": {
        "tags": [
          "task"
        ],
        "parameters": [
          {
            "name": "id",
            "in": "path",
            "required": true,
            "schema": {
              "type": "integer",
              "format": "int32"
            }
          }
        ],
        "responses": {
          "200": {
            "description": "Success",
            "content": {
              "text/plain": {
                "schema": {
                  "$ref": "#/components/schemas/task"
                }
              },
              "application/json": {
                "schema": {
                  "$ref": "#/components/schemas/task"
                }
              },
              "text/json": {
                "schema": {
                  "$ref": "#/components/schemas/task"
                }
              }
            }
          }
        }
      },
      "delete": {
        "tags": [
          "task"
        ],
        "parameters": [
          {
            "name": "id",
            "in": "path",
            "required": true,
            "schema": {
              "type": "integer",
              "format": "int32"
            }
          }
        ],
        "responses": {
          "200": {
            "description": "Success"
          }
        }
      }
    }
  },
  "components": {
    "schemas": {
      "task": {
        "type": "object",
        "properties": {
          "taskId": {
            "type": "integer",
            "format": "int32"
          },
          "taskName": {
            "type": "string",
            "nullable": true
          }
        },
        "additionalProperties": false
      }
    }
  }
}